UES9151GS5,XXQ4064B,JFK,FRA,1420563917,802
POP2875LH3,MBA8071P,KUL,PEK,1420563856,572
HCA3158QA6,XXQ4064B,JFK,FRA,1420563917,802
UES9151GS5,WPW9201U,DFW,PEK,1420564869,1452
HGO4350KK1,RUM0422W,MUC,MAD,1420563539,194
EDV2089LK5,ULZ8130D,CAN,DFW,1420564983,1683
BWI0520BG6,HZT2506M,IAH,AMS,1420564324,1044
WTC9125IE5,DKZ3042O,MIA,SFO,1420563927,538
CYJ0225CH1,WSK1289Z,CLT,DEN,1420563542,278
JBE2302VO4,SQU6245R,DEN,FRA,1420564460,1049
HCA3158QA6,BER7172M,KUL,LAS,1420565167,1848
SJD8775RZ4,SQU6245R,DEN,FRA,1420564460,1049
BWI0520BG6,VDC9164W,FCO,LAS,1420564698,1276
SPR4484HA6,MBA8071P,KUL,PEK,1420563856,572
EZC9678QI6,JVY9791G,PVG,FCO,1420564561,1189
CYJ0225CH1,GMO5938W,LHR,PEK,1420564317,1057
HCA3158QA6,SQU6245R,DEN,FRA,1420564460,1049
JJM4724RF7,QHU1140O,CDG,LAS,1420564498,1133
HGO4350KK1,JVY9791G,PVG,FCO,1420564561,1189
DAZ3029XA0,WSK1289Z,CLT,DEN,1420563542,278
SJD8775RZ4,ULZ8130D,CAN,DFW,1420564983,1683
JJM4724RF7,WSK1289Z,CLT,DEN,1420563542,278
WBE6935NU3,BER7172M,KUL,LAS,1420565167,1848
POP2875LH3,RUM0422W,MUC,MAD,1420563539,194
CDC0302NN5,ULZ8130D,CAN,DFW,1420564983,1683
UES9151GS5,GMO5938W,LHR,PEK,1420564317,1057
UES9151GS5,TMV7633W,CGK,DXB,1420563958,849
ONL0812DH1,VYU9214I,ORD,DXB,1420564716,1510
KKP5277HZ7,HZT2506M,IAH,AMS,1420564324,1044
PIT2755XC1,XOY7948U,ATL,LHR,1420564038,877
SPR4484HA6,VYW5940P,LAS,SIN,1420565203,1843
WTC9125IE5,GMO5938W,LHR,PEK,1420564317,1057
XFG5747ZT9,SQU6245R,DEN,FRA,1420564460,1049
IEG9308EA5,XOY7948U,ATL,LHR,1420564038,877
PUD8209OG3,HUR0974O,DEN,PVG,1420564525,1398
PIT2755XC1,ULZ8130D,CAN,DFW,1420564983,1683
PUD8209OG3,DKZ3042O,MIA,SFO,1420563927,538
JBE2302VO4,GMO5938W,LHR,PEK,1420564317,1057
CXN7304ER2,RPG3351U,HND,CAN,1420563569,374
PUD8209OG3,XXQ4064B,JFK,FRA,1420563917,802
JJM4724RF7,XXQ4064B,JFK,FRA,1420563917,802
WYU2010YH8,PME8178S,DEN,PEK,1420564409,1322
VZY2993ME1,ULZ8130D,CAN,DFW,1420564983,1683
HGO4350KK1,FYL5866L,ATL,HKG,1420565140,1751
YMH6360YP0,FYL5866L,ATL,HKG,1420565140,1751
CKZ3132BR4,FYL5866L,ATL,HKG,1420565140,1751
UMH6360YP0,XXQ4064B,JFK,FRA,1420563917,802
DAZ3029XA0,ATT7791R,AMS,DEN,1420564394,1001
HCA3158QA6,DKZ3042O,MIA,SFO,1420563927,538
JBE2302VO4,HZT2506M,IAH,AMS,1420564324,1044
UES9151GS5,JVY9791G,PVG,FCO,1420564561,1189
POP2875LH3,RPG3351U,HND,CAN,1420563569,374
LLZ3798PE3,JVY9791G,PVG,FCO,1420564561,1189
LLZ3798PE3,YZO4444S,BKK,MIA,1420565330,2027
POP2875LH3,FYL5866L,ATL,HKG,1420565140,1751
IEG9308EA5,DKZ3042O,MIA,SFO,1420563927,538
BWI0520BG6,MOO1786A,MAD,FRA,1420563408,184
POP2875LH3,FYL5866L,ATL,HKG,1420565140,1751
CYJ0225CH1,XIL3623J,PEK,LAX,1420564414,1302
CKZ3132BR4,TMV7633W,CGK,DXB,1420563958,849
JBE2302VO4,JVY9791G,PVG,FCO,1420564561,1189
PUD8209OG3,KJR6646J,IAH,BKK,1420565203,1928
SJD8775RZ4,SOH3431A,ORD,MIA,1420563649,250
VZY2993ME1,XIL3623J,PEK,LAX,1420564414,1302
CXN7304ER2,VDC9164W,FCO,LAS,1420564698,1276
UES9151GS5,KJR6646J,IAH,BKK,1420565203,1928
SPR4484HA6,WSK1289Z,CLT,DEN,1420563542,278
EZC9678QI6,FYL5866L,ATL,HKG,1420565140,1751
WYU2010YH8,FYL5866L,ATL,HKG,1420565140,1751
MXU9187YC7,ATT7791R,AMS,DEN,1420564394,1001
HGO4350KK1,XOY7948U,ATL,LHR,1420564038,877
WBE6935NU3,RPG3351U,HND,CAN,1420563569,374
HGO4350KK1,VYU9214I,ORD,DXB,1420564716,1510
SPR4484HA6,BER7172M,KUL,LAS,1420565167,1848
HGO4350KK1,RUM0422W,MUC,MAD,1420563539,194
VZY2993ME1,EWH6301Y,CAN,DFW,1420564967,1683
IEG9308EA5,TMV7633W,CGK,DXB,1420563958,849
LLZ3798PE3,VYU9214I,ORD,DXB,1420564716,1510
PIT2755XC1,ATT7791R,AMS,DEN,1420564394,1001
POP2875LH3,KJR6646J,IAH,BKK,1420565203,1928
WBE6935NU3,SQU6245R,DEN,FRA,1420564460,1049
WYU2010YH8,SOH3431A,ORD,MIA,1420563649,250
JBE2302VO4,VDC9164W,FCO,LAS,1420564698,1276
DAZ3029XA0,TMV7633W,CGK,DXB,1420563958,849
WBE6935NU3,GMO5938W,LHR,PEK,1420564317,1057
ONL0812DH1,MBA8071P,KUL,PEK,1420563856,572
XFG5747ZT9,KJR6646J,IAH,BKK,1420565203,1928
XFG5747ZT9,YZO4444S,BKK,MIA,1420565330,2027
EZC9678QI6,WSK1289Z,CLT,DEN,1420563542,278
EDV2089LK5,XIL3623J,PEK,LAX,1420564414,1302
UES9151GS5,XXQ4064B,JFK,FRA,1420563917,802
XFG5747ZT9,FYL5866L,ATL,HKG,1420565140,1751
XFG5747ZT9,FYL5866L,ATL,HKG,1420565140,1751
CDC0302NN5,XXQ4064B,JFK,FRA,1420563917,802
WYU2010YH8,DAU2617A,CGK,SFO,1420564986,1811
WTC9125IE5,TMV7633W,CGK,DXB,1420563958,849
SPR4484HA6,KJR6646J,IAH,BKK,1420565203,1928
EZC9678QI6,DKZ3042O,MIA,SFO,1420563927,538
WBE6935NU3,ULZ8130D,CAN,DFW,1420564983,1683
EZC9678QI6,RUM0422W,MUC,MAD,1420563539,194
SJD8775RZ4,XXQ4064B,JFK,FRA,1420563917,802
DAZ3029XA0,XXQ4064B,JFK,FRA,1420563917,802
CDC0302NN5,HZT2506M,IAH,AMS,1420564324,1044
CDC0302NN5,WSK1289Z,CLT,DEN,1420563542,278
BWI0520BG6,VYW5940P,LAS,SIN,1420565203,1843
DAZ3029XA0,ULZ8130D,CAN,DFW,1420564983,1683
JJM4724RF7,VYW5940P,LAS,SIN,1420565203,1843
LLZ3798PE3,TMV7633W,CGK,DXB,1420563958,849
WYU2010YH8,XIL3623J,PEK,LAX,1420564414,1302
WYU2010YH8,WSK1289Z,CLT,DEN,1420563542,278
CXN7304ER2,PME8178S,DEN,PEK,1420564409,1322
ONL0812DH1,WSK1289Z,CLT,DEN,1420563542,278
CKZ3132BR4,RUM0422W,MUC,MAD,1420563539,194
PUD8209OG3,BER7172M,KUL,LAS,1420565167,1848
HGO4350KK1,EWH6301Y,CAN,DFW,1420564967,1683
VZY2993ME1,XOY7948U,ATL,LHR,1420564038,877
YMH6360YP0,JVY9791G,PVG,FCO,1420564561,1189
UES9151GS5,KJR6646J,IAH,BKK,1420565203,1928
EDV2089LK5,PME8178S,DEN,PEK,1420564409,1322
ONL0812DH1,XXQ4064B,JFK,FRA,1420563917,802
BWI0520BG6,EWH6301Y,CAN,DFW,1420564967,1683
DAZ3029XA0,WPW9201U,DFW,PEK,1420564869,1452
PAJ3974RK1,MOO1786A,MAD,FRA,1420563408,184
CXN7304ER2,JVY9791G,PVG,FCO,1420564561,1189
KKP5277HZ7,KJR6646J,IAH,BKK,1420565203,1928
